Club_Name,Name,Event,Role
club_3,Darien Ma,club_3_event_2,Participant
club_2,Sege Schrock,club_2_event_1,Participant
club_3,Alison bci,club_3_event_2,Participant
club_1,kiara jauregui,club_1_event_1,Participant
club_2,Tete Buim,club_2_event_3,Participant
club_2,Loufis emuls,club_2_event_2,Participant
club_2,MercezloWeber,club_2_event_3,Participant
club_2,hJeine uMcCormack,club_2_event_2,Participant
club_3,Quinton Ta,club_3_event_2,Participant
club_2,Jjnine McCormack,club_2_event_1,Participant
club_3,Everardo John C,club_3_event_1,Participant
club_3,Were Scholfield,club_3_event_1,Participant
club_1,Ezpre Lod,club_1_event_2,Participant
club_2,Aya K,club_2_event_2,Participant
club_1,Alannah C,club_1_event_2,Participant
club_3,KATELYNN HARLOW,club_3_event_1,Participant
club_1,Gremysan eim,club_1_event_1,Participant
club_3,NG,club_3_event_2,Participant
club_2,CLYDE LINDSAY,club_2_event_1,Participant
club_2,Judithee Howend,club_2_event_2,Participant
club_2,Milo Grafeild,club_2_event_1,Participant
club_3,A Elena,club_3_event_2,Participant
club_1,HeylieGajri,club_1_event_1,Participant
club_3,Sen Fairbaenks,club_3_event_1,Participant
club_1,oEvelin rerdli,club_1_event_1,Participant
club_3,denise minor,club_3_event_2,Participant
club_2,Sentagok Nadeau,club_2_event_3,Participant
club_2,Grady S,club_2_event_2,Participant
club_1,CxhhelseyDeen,club_1_event_1,Participant
club_1,JM,club_1_event_2,Participant
club_2,eriuws Albers,club_2_event_2,Participant
club_2,Annabelle Ma,club_2_event_2,Participant
club_3,Ntaliyja Garvin,club_3_event_1,Participant
club_3,Alize John D,club_3_event_2,Participant
club_1,Brannen Elizn,club_1_event_2,Participant
club_1,Daeegelox Neuman,club_1_event_1,Participant
club_1,JM,club_1_event_1,Participant
club_2,Luci Coi,club_2_event_1,Participant
club_1,MARCO RAND,club_1_event_1,Participant
club_3,gKeraJauregy,club_3_event_2,Participant
club_2,Lexis Wh,club_2_event_2,Participant
club_3,Kzla renfield,club_3_event_2,Participant
club_1,Reymundo zapata,club_1_event_3,Participant
club_1,Gelvil Vilasenhor,club_1_event_1,Participant
club_1,Gustavo Mu,club_1_event_3,Participant
club_2,Linda John B,club_2_event_3,Participant
club_3,krali Seli,club_3_event_2,Participant
club_3,Judit Howlernd,club_3_event_1,Participant
club_1,eredk Gui,club_1_event_3,Participant
club_3,gRdy Bredli,club_3_event_1,Participant
club_2,D Cathryn,club_2_event_1,Participant
club_3,Litzy Moqr,club_3_event_2,Participant
club_2,Eveli Bedvli,club_2_event_1,organiser_1
club_2,LaxxisWhital,club_2_event_1,Participant
club_3,Meljorie Sanz,club_3_event_2,Participant
club_2,Aleedreba Starnes,club_2_event_3,Participant
club_1,JM,club_1_event_1,Participant
club_2,RD,club_2_event_1,Participant
club_3,G Sean,club_3_event_1,Participant
club_2,natalya garvin,club_2_event_1,Participant
club_1,GedySamhple,club_1_event_2,Participant
club_2,D Dexter,club_2_event_1,Participant
club_2,Eivelin Bredl,club_2_event_2,Participant
club_1,Jocelyn F,club_1_event_2,Participant
club_3,Krla tParis,club_3_event_3,Participant
club_1,shea jenkins,club_1_event_2,Participant
club_3,Aomqeiya olano,club_3_event_1,Participant
club_1,Thee McCloyd,club_1_event_1,Participant
club_2,Brgittozn Gilaspi,club_2_event_1,Participant
club_2,Lide Brzenan,club_2_event_1,Participant
club_2,Alenah ahishnolm,club_2_event_3,Participant
club_1,CH,club_1_event_2,Participant
club_2,Aloiae Ervn,club_2_event_1,Participant
club_1,Dorisu rebo,club_1_event_2,Participant
club_2,Johson Smchlar,club_2_event_1,Participant
club_1,Kzeyleighoennig,club_1_event_2,Participant
club_2,Lorena L,club_2_event_2,Participant
club_2,tKierstn ilerd,club_2_event_3,Participant
club_2,Jemeh Patick,club_2_event_2,Participant
club_2,GH,club_2_event_2,organiser_5
club_3,ALANNAH CHISHOLM,club_3_event_1,Participant
club_2,Stephon Bu,club_2_event_2,Participant
club_1,L Misty,club_1_event_2,Participant
club_2,Gelilea Vilasquenr,club_2_event_2,Participant
club_2,Joequn Crisbt,club_2_event_3,Participant
club_2,Killien Ratllif,club_2_event_2,Participant
club_3,Alexendea pStrnes,club_3_event_2,Participant
club_2,JeredGulai,club_2_event_2,Participant
club_3,roxanna mcnair,club_3_event_1,Participant
club_1,fLeltrel Esli,club_1_event_1,Participant
club_1,KENTON TREJO,club_1_event_1,Participant
club_1,ore Srnyder,club_1_event_1,Participant
club_1,Shnaz Branch,club_1_event_1,Participant
club_2,RudyBrejdli,club_2_event_3,Participant
club_1,pLcrie Coi,club_1_event_2,Participant
club_2,A Griselda,club_2_event_2,Participant
club_1,Jenine McCuormwk,club_1_event_1,Participant
club_2,Delenise Gilbezrtsn,club_2_event_1,Participant
club_3,zSetiago Ndeau,club_3_event_2,Participant
club_1,Luwzceno Sims,club_1_event_3,Participant
club_1,Yisnral Sik,club_1_event_1,Participant
club_1,iDeyna Sele,club_1_event_2,organiser_3
club_2,Ttum Hxeing,club_2_event_3,Participant
club_3,Serenity John C,club_3_event_2,Participant
club_1,Dereio Whte,club_1_event_2,Participant
club_3,Aianslay Cinton,club_3_event_2,Participant
club_3,agidi Whitmore,club_3_event_2,Participant
club_3,vAlexenrea Strnes,club_3_event_3,Participant
club_3,A Ciera,club_3_event_2,Participant
club_3,FernendSegovwia,club_3_event_3,Participant
club_2,jazmyn schmid,club_2_event_1,Participant
club_1,TYSHAWN ESPINO,club_1_event_1,Participant
club_3,Evelign Brdi,club_3_event_1,Participant
club_2,Memrwc Rand,club_2_event_3,Participant
club_2,AC,club_2_event_2,Participant
club_1,Furnendo Segovia,club_1_event_3,Participant
club_1,R Janie,club_1_event_2,Participant
club_1,Mckenzie H,club_1_event_1,Participant
club_1,Crystal Le,club_1_event_1,Participant
club_1,keri carrier,club_1_event_3,Participant
club_3,Mzlorie Saenz,club_3_event_1,Participant
club_3,Bteby Haato,club_3_event_1,Participant
club_2,ChriestiongCohan,club_2_event_2,Participant
club_1,Jhny Tovnfi,club_1_event_2,Participant
club_3,LW,club_3_event_1,Participant
club_2,JedonVandykce,club_2_event_1,Participant
club_3,Wlsonu Sloocum,club_3_event_1,Participant
club_3,KC,club_3_event_1,Participant
club_3,Rylia omez,club_3_event_3,Participant
club_1,Rowan Pa,club_1_event_1,Participant
club_2,DEANGELO NEUMAN,club_2_event_3,Participant
club_3,W Kalista,club_3_event_3,Participant
club_1,Grayson He,club_1_event_2,Participant
club_2,ylicn Sels,club_2_event_2,Participant
club_2,kalen logan,club_2_event_1,Participant
club_2,Yisrol Sihsk,club_2_event_1,Participant
club_1,GM,club_1_event_2,Participant
club_3,Se Jenakins,club_3_event_3,Participant
club_1,Joeqin aCrzist,club_1_event_2,Participant
club_1,Wisn Slogxcum,club_1_event_1,Participant
club_3,Chanel John P,club_3_event_1,Participant
club_1,C Jedidiah,club_1_event_3,Participant
club_2,eyvvon irpk,club_2_event_1,Participant
club_1,Lawis Bredlove,club_1_event_3,Participant
club_3,iecstin Romeno,club_3_event_1,Participant
club_1,Joequin sCrisl,club_1_event_1,Participant
club_2,C Everardo,club_2_event_2,Participant
club_1,Kiestin Romepno,club_1_event_1,Participant
club_1,JUSTYN GOETZ,club_1_event_1,Participant
club_2,KENTON TREJO,club_2_event_1,Participant
club_1,Jdizt Hofwlend,club_1_event_3,Participant
club_3,B Joselyn,club_3_event_1,Participant
club_3,Ea hdRing,club_3_event_2,Participant
club_2,MALLORIE SAENZ,club_2_event_2,Participant
club_3,Thoaoore Schmdt,club_3_event_1,Participant
club_3,Mireya Go,club_3_event_1,Participant
club_2,ielea Casilas,club_2_event_2,Participant
club_3,Sege chroctk,club_3_event_1,Participant
club_2,mJerrett sui,club_2_event_2,Participant
club_2,Nancy John L,club_2_event_2,Participant
club_2,M Sydnee,club_2_event_2,Participant
club_2,Aindrawr Kee,club_2_event_1,Participant
club_3,Kebtrine Lene,club_3_event_2,Participant
club_2,kEzre Lord,club_2_event_3,Participant
club_2,kAmber onse,club_2_event_1,Participant
club_2,IL,club_2_event_2,Participant
club_1,Monet Wa,club_1_event_2,Participant
club_1,TeoshaSmali,club_1_event_1,Participant
club_1,Kelee Cxlsilas,club_1_event_2,Participant
club_3,Tatum John H,club_3_event_2,Participant
club_1,Luciano Si,club_1_event_2,Participant
club_2,Lukas John M,club_2_event_3,Participant
club_1,tatum henning,club_1_event_1,Participant
club_2,Jacey D,club_2_event_2,Participant
club_2,Katelynn Ha,club_2_event_2,Participant
club_3,Eleo Hald,club_3_event_2,Participant
club_2,Semaj P,club_2_event_1,Participant
club_3,pDynaa Stele,club_3_event_3,Participant
club_2,Groeyson cHem,club_2_event_2,Participant
club_1,KB,club_1_event_3,Participant
club_3,C Christion,club_3_event_3,Participant
club_3,jedidiah clarkson,club_3_event_3,Participant
club_3,Jared Gu,club_3_event_1,Participant
club_3,Ibreivm Sun,club_3_event_2,Participant
club_2,Christy El,club_2_event_1,Participant
club_1,Elliot John H,club_1_event_2,Participant
club_3,Brnnen Elison,club_3_event_2,Participant
club_1,C Matthias,club_1_event_2,Participant
club_3,G Brionna,club_3_event_3,Participant
club_3,olegdd Fi,club_3_event_1,Participant
club_3,Jeylan zKreger,club_3_event_1,Participant
club_2,Joeqruin Cris,club_2_event_2,Participant
club_3,M Sydnee,club_3_event_3,organiser_5
club_2,FrenHallstead,club_2_event_2,Participant
club_3,Kathrine L,club_3_event_3,Participant
club_1,Sentiadgo Nadee,club_1_event_1,Participant
club_1,GissalneThorntin,club_1_event_1,Participant
club_1,Ansnae lAhed,club_1_event_1,organiser_1
club_1,KG,club_1_event_2,Participant
club_1,Kelen Lyogn,club_1_event_1,Participant
club_1,HolietndFi,club_1_event_2,Participant
club_3,Robynn Dcki,club_3_event_2,Participant
club_2,Tei ltine,club_2_event_1,Participant
club_3,Justyn Go,club_3_event_3,Participant
club_3,Alvin John V,club_3_event_1,Participant
club_1,Semaj P,club_1_event_2,Participant
club_3,Irelhend Barnier,club_3_event_1,Participant
club_2,Guillermo John H,club_2_event_1,organiser_5
club_2,KR,club_2_event_1,Participant
club_1,ye epnei,club_1_event_1,Participant
club_3,Abegaiv Marx,club_3_event_1,Participant
club_3,euilermo Heckni,club_3_event_1,Participant
club_1,Jesenieu Peras,club_1_event_2,Participant
club_1,fCornliusMeciahs,club_1_event_2,Participant
club_1,Kierstin Mi,club_1_event_3,Participant
club_1,Allise Buidle,club_1_event_1,Participant
club_2,J Kristian,club_2_event_1,Participant
club_1,Blbritto Gilaspie,club_1_event_1,Participant
club_2,KOBE BARRIENTOS,club_2_event_2,Participant
club_1,Brennen El,club_1_event_1,Participant
club_2,kiara jauregui,club_2_event_1,Participant
club_2,TUCKER VOLK,club_2_event_2,Participant
club_3,uTeeu Noyes,club_3_event_2,Participant
club_1,ylti Seels,club_1_event_2,organiser_4
club_2,Marcello W,club_2_event_1,Participant
club_1,Jud Golgdjen,club_1_event_2,Participant
club_1,Jaylan John C,club_1_event_2,Participant
club_2,Maesthias Crdro,club_2_event_1,Participant
club_3,Phoenix John T,club_3_event_3,Participant
club_3,Megaret Kerebs,club_3_event_2,Participant
club_1,Delanie John G,club_1_event_1,Participant
club_1,Judith John H,club_1_event_1,Participant
club_1,eeghan Hughton,club_1_event_2,Participant
club_2,guillermo hackney,club_2_event_2,Participant
club_2,D Jaquelin,club_2_event_1,Participant
club_1,Krrla Pris,club_1_event_1,Participant
club_1,Marcello John W,club_1_event_3,Participant
club_3,Cerloys uivasn,club_3_event_1,Participant
club_3,Kecrstin Romeo,club_3_event_2,Participant
club_3,Jonatan John M,club_3_event_1,Participant
club_3,karla parris,club_3_event_1,Participant
club_3,Jaylan John K,club_3_event_2,Participant
club_2,Dayna St,club_2_event_1,Participant
club_2,qCehrlos Slian,club_2_event_2,Participant
club_3,Lukes cdGe,club_3_event_2,Participant
club_2,Rashawn Ba,club_2_event_2,Participant
club_3,Kierstdin Miierd,club_3_event_1,Participant
club_2,SevnjanaCornywl,club_2_event_2,Participant
club_1,Ltresl azsli,club_1_event_3,Participant
club_3,J Shea,club_3_event_1,Participant
club_1,Lihtzy Myea,club_1_event_1,Participant
club_1,TUCKER VOLK,club_1_event_2,Participant
club_1,Cathryn Du,club_1_event_2,Participant
club_3,Annebelelel Mli,club_3_event_1,Participant
club_3,Amqar udolph,club_3_event_3,Participant
club_3,AmeiyaSoulano,club_3_event_2,Participant
club_2,Merco Rand,club_2_event_1,Participant
club_2,Jessenia P,club_2_event_1,Participant
club_2,Alexandrea John S,club_2_event_1,Participant
club_3,CE,club_3_event_1,Participant
club_2,Hgland Fi,club_2_event_1,Participant
club_2,Kobe Berietqos,club_2_event_3,Participant
club_3,Nealya narvin,club_3_event_3,Participant
club_2,Afbdulle iRei,club_2_event_1,Participant
club_2,jaylan conway,club_2_event_1,Participant
club_1,IrelenadBernir,club_1_event_1,Participant
club_1,MericdeloWeber,club_1_event_2,Participant
club_1,Dayna John S,club_1_event_3,organiser_3
club_2,Ainlay oCliton,club_2_event_1,Participant
club_2,Lty Mxoyar,club_2_event_2,Participant
club_3,LEXIS WHITLEY,club_3_event_3,Participant
club_3,Brone Grimws,club_3_event_1,organiser_2
club_2,Jenebn Rei,club_2_event_1,Participant
club_1,Reena ovmr,club_1_event_2,Participant
club_2,Mlisty Lvooie,club_2_event_1,Participant
club_2,Cristbel Faolon,club_2_event_3,Participant
club_3,Doris Pr,club_3_event_2,Participant
club_1,Irvi Linre,club_1_event_2,Participant
club_2,Darrion John B,club_2_event_1,Participant
club_1,jKei erqier,club_1_event_1,Participant
club_3,Wilson S,club_3_event_3,Participant
club_1,Kyteyce Cokr,club_1_event_1,Participant
club_1,Justyn Go,club_1_event_3,organiser_5
club_3,Fren Hmalstekad,club_3_event_2,Participant
club_1,sPhoanix Tay,club_1_event_3,Participant
club_2,Evein Bredli,club_2_event_3,organiser_1
club_3,Rwy Mcnei,club_3_event_3,Participant
club_3,JocalyntFtzsimeons,club_3_event_2,Participant
club_1,HF,club_1_event_1,Participant
club_1,AW,club_1_event_2,Participant
club_2,Coleman P,club_2_event_1,Participant
club_1,Anate Ahezd,club_1_event_2,organiser_1
club_3,Lawis Bredlogve,club_3_event_3,Participant
club_3,jonen Bagget,club_3_event_1,Participant
club_1,CORNELIUS MACIAS,club_1_event_3,Participant
club_1,Agail Mahrx,club_1_event_2,Participant
club_3,Lvusm McGe,club_3_event_3,Participant
club_3,ADAN GOETZ,club_3_event_1,Participant
club_3,telista Witeside,club_3_event_1,Participant
club_3,Nore hnyder,club_3_event_1,Participant
club_1,Britton Gi,club_1_event_2,Participant
club_3,Jormdi e,club_3_event_2,Participant
club_1,AbdeulehHorst,club_1_event_1,Participant
club_1,enby Heatn,club_1_event_3,Participant
club_2,Maranda D,club_2_event_3,Participant
club_3,Reelyna Stwrd,club_3_event_2,Participant
club_2,Mallorie Sa,club_2_event_1,Participant
club_2,JK,club_2_event_2,Participant
club_2,Keyle Gorman,club_2_event_2,Participant
club_2,Tatum He,club_2_event_2,Participant
club_3,etrmel fEali,club_3_event_1,Participant
club_2,Jeyvier reax,club_2_event_3,Participant
club_1,JUSTYN GOETZ,club_1_event_1,organiser_5
club_3,Gurtevo Mul,club_3_event_2,Participant
club_1,Amber Ru,club_1_event_2,Participant
club_2,eDria aii,club_2_event_1,Participant
club_3,BABY HEATON,club_3_event_3,Participant
club_3,Jemcy Tipton,club_3_event_1,Participant
club_2,Alisong Mcv,club_2_event_1,Participant
club_1,emeq Plumeer,club_1_event_2,organiser_2
club_1,Justyn Goatz,club_1_event_2,organiser_5
club_2,lisoon Mcv,club_2_event_3,Participant
club_1,Khelen Loaan,club_1_event_2,Participant
club_1,DARRION BARRIOS,club_1_event_2,Participant
club_1,KV,club_1_event_1,Participant
club_2,Brennen E,club_2_event_2,Participant
club_3,Jedidiah C,club_3_event_1,Participant
club_2,Javier Br,club_2_event_2,Participant
club_1,ndrawKenfe,club_1_event_2,Participant
club_2,Tukar Volk,club_2_event_1,Participant
club_1,Eene Atvlamirano,club_1_event_1,Participant
club_2,LB,club_2_event_2,Participant
club_2,enie Rei,club_2_event_2,Participant
club_2,Joalyn Fjitwzsimons,club_2_event_1,Participant
club_1,Reymundoeniavides,club_1_event_1,Participant
club_2,AboegailMarx,club_2_event_2,Participant
club_2,C Gretchen,club_2_event_2,Participant
club_1,uTeiKlie,club_1_event_2,Participant
club_1,CAILYN SEWARD,club_1_event_2,Participant
club_1,DA,club_1_event_3,Participant
club_3,enjana Coratnel,club_3_event_2,Participant
club_1,Herman John T,club_1_event_2,Participant
club_1,Mexim urxk,club_1_event_1,Participant
club_3,Linda John B,club_3_event_2,Participant
club_1,LS,club_1_event_1,Participant
club_3,Keylre orman,club_3_event_1,Participant
club_3,Geriel Hitchcock,club_3_event_2,Participant
club_2,river feliciano,club_2_event_2,Participant
club_3,KALEN LOGAN,club_3_event_2,Participant
club_1,Graseldu Acuna,club_1_event_2,Participant
club_3,Earett Frlod,club_3_event_1,Participant
club_3,Stephon S,club_3_event_1,Participant
club_1,G Alexandria,club_1_event_3,Participant
club_2,Gutevo Mul,club_2_event_2,Participant
club_2,Sydnamy owe,club_2_event_3,Participant
club_2,Shanna Br,club_2_event_2,Participant
club_2,Hoalidi hitmre,club_2_event_1,Participant
club_1,Suaphon Burnet,club_1_event_1,Participant
club_1,gBb yHeaton,club_1_event_2,Participant
club_1,dJonethon Legelr,club_1_event_1,Participant
club_3,H Janell,club_3_event_3,Participant
club_2,DA,club_2_event_3,Participant
club_3,Zoie Mc,club_3_event_1,Participant
club_1,D Maranda,club_1_event_1,Participant
club_2,ARJUN PAYNE,club_2_event_3,Participant
club_2,shea jenkins,club_2_event_3,Participant
club_3,Fernando John S,club_3_event_1,Participant
club_2,Evelin Breli,club_2_event_1,Participant
club_3,Jeecvon Kirk,club_3_event_1,Participant
club_2,Kelisxa hiteseide,club_2_event_2,Participant
club_3,Lbeeihot,club_3_event_1,Participant
club_1,Kalee John C,club_1_event_1,Participant
club_1,Ammeli Frst,club_1_event_1,Participant
club_3,Rteymundoq Zpaa,club_3_event_2,Participant
club_2,hZoi McDermt,club_2_event_2,Participant
club_2,taphonw Smot,club_2_event_2,Participant
club_2,PHOENIX THAI,club_2_event_1,Participant
club_1,Amber Coste,club_1_event_1,Participant
club_1,ChestityHuilsi,club_1_event_1,Participant
club_2,Wilson S,club_2_event_2,Participant
club_1,CP,club_1_event_1,Participant
club_2,pAmeiya Solan,club_2_event_2,Participant
club_1,AF,club_1_event_2,Participant
club_1,Kierstin John R,club_1_event_3,Participant
club_1,S Aylin,club_1_event_3,organiser_4
club_2,katelynn harlow,club_2_event_3,Participant
club_1,Arjun Pa,club_1_event_2,Participant
club_2,uhstevo Mu,club_2_event_1,Participant
club_2,Reagan John H,club_2_event_1,Participant
club_3,Semira Baer,club_3_event_1,Participant
club_3,Christaion Coan,club_3_event_1,Participant
club_3,Amine Wrre,club_3_event_3,Participant
club_2,Agmeiya Solan,club_2_event_1,Participant
club_1,Fenk Halstean,club_1_event_3,Participant
club_3,Syde Meerxs,club_3_event_1,organiser_5
club_1,S Alexandrea,club_1_event_3,Participant
club_2,Grisle Acudna,club_2_event_1,Participant
club_2,Bleine Menngzie,club_2_event_1,Participant
club_2,Chastity John H,club_2_event_1,Participant
club_2,Lyndsay S,club_2_event_1,Participant
club_1,jordi tam,club_1_event_1,Participant
club_3,Tsesa Smali,club_3_event_3,Participant
club_3,Hexza Cawel,club_3_event_1,Participant
club_2,B Linda,club_2_event_2,Participant
club_1,christy elliott,club_1_event_2,Participant
club_2,Jvohny Ti,club_2_event_1,Participant
club_3,Cristobel Faal,club_3_event_2,Participant
club_3,Codyw Gr,club_3_event_2,Participant
club_3,Kanzii Maeir,club_3_event_3,Participant
club_1,S Dayna,club_1_event_1,organiser_3
club_2,Everett Fl,club_2_event_2,Participant
club_1,breanne concepcion,club_1_event_1,Participant
club_1,Keyana John G,club_1_event_1,Participant
club_1,enna Stele,club_1_event_2,Participant
club_3,tasha smalley,club_3_event_2,Participant
club_1,etrell Easli,club_1_event_2,Participant
club_2,Brianna Em,club_2_event_2,Participant
club_2,Dhruis Machado,club_2_event_1,Participant
club_3,vier Bpreaux,club_3_event_1,Participant
club_1,Luisg Semuels,club_1_event_3,Participant
club_1,Caberlos ulivan,club_1_event_1,Participant
club_3,Jeinh Miligan,club_3_event_2,Participant
club_2,Deisha bYon,club_2_event_3,organiser_3
club_2,Cornelus Moecias,club_2_event_2,Participant
club_1,Weilson locum,club_1_event_3,Participant
club_1,Ktielyn Harlo,club_1_event_3,Participant
club_3,Reskhawn Beadras,club_3_event_1,Participant
club_3,Jsellyn Besro,club_3_event_3,Participant
club_2,elliot held,club_2_event_1,Participant
club_1,SERENITY CASTILLO,club_1_event_2,Participant
club_1,Jesnie Percfales,club_1_event_1,Participant
club_2,matthias cordero,club_2_event_2,Participant
club_1,Jequlin Duraan,club_1_event_2,Participant
club_2,lexenria Galbroaith,club_2_event_2,Participant
club_3,ohhncy Toni,club_3_event_2,Participant
club_1,Laxpics Whiti,club_1_event_3,Participant
club_1,deangelo neuman,club_1_event_3,Participant
club_1,ZoiasMcDermodt,club_1_event_1,Participant
club_3,M Litzy,club_3_event_3,Participant
club_3,Stephon John B,club_3_event_1,Participant
club_3,FrjenkHalstea,club_3_event_1,Participant
club_3,H Abdullah,club_3_event_2,Participant
club_3,Johson Scsheular,club_3_event_2,Participant
club_3,SM,club_3_event_1,Participant
club_2,Irvin wie,club_2_event_1,Participant
club_1,Jbyvon irk,club_1_event_1,Participant
club_2,AD,club_2_event_2,Participant
club_3,Mckanziej Hitchcorc,club_3_event_1,Participant
club_3,Judith owwlaend,club_3_event_2,Participant
club_2,Luciano John S,club_2_event_2,Participant
club_2,Danse Minor,club_2_event_2,Participant
club_2,aChrition Cohan,club_2_event_1,Participant
club_3,ZM,club_3_event_2,Participant
club_3,orene Lzmar,club_3_event_1,Participant
club_1,Killian John R,club_1_event_3,Participant
club_2,fRbyn Guzmen,club_2_event_1,Participant
club_2,sana fairbanks,club_2_event_2,Participant
club_3,pJeliniqligan,club_3_event_1,Participant
club_3,Annette A,club_3_event_1,Participant
club_1,RycliaGomez,club_1_event_2,Participant
club_1,JfeyvonKirk,club_1_event_2,Participant
club_3,SYDNEE MEARS,club_3_event_3,Participant
club_3,GUSTAVO MULL,club_3_event_3,Participant
club_2,jedidiah clarkson,club_2_event_2,Participant
club_1,SB,club_1_event_2,Participant
club_1,Theodore John S,club_1_event_3,Participant
club_1,Litzy John M,club_1_event_3,Participant
club_3,Ceethyn Duate,club_3_event_2,Participant
club_2,WS,club_2_event_1,Participant
club_3,Ibehim Syn,club_3_event_1,Participant
club_3,Jessenia Pe,club_3_event_2,Participant
club_3,bKelee Caila,club_3_event_1,Participant
club_3,Arutna eyne,club_3_event_2,Participant
club_2,NL,club_2_event_1,Participant
club_1,Drius Machsao,club_1_event_1,Participant
club_1,NethalyaGarvvi,club_1_event_3,Participant
club_1,Ronan B,club_1_event_1,Participant
club_2,Henrqy Johensen,club_2_event_1,Participant
club_1,Robn Guadmen,club_1_event_2,Participant
club_1,Chriky Elliot,club_1_event_1,Participant
club_2,Katon Tresjo,club_2_event_2,Participant
club_3,JH,club_3_event_3,Participant
club_3,Cristobal Fa,club_3_event_3,Participant
club_3,gLawis Bregove,club_3_event_1,Participant
club_1,Tatum John H,club_1_event_3,Participant
club_3,Rud Brewmdi,club_3_event_3,Participant
club_3,zAbil ovderubias,club_3_event_3,Participant
club_3,Thqe Notyes,club_3_event_1,Participant
club_3,Gretchein Clewsn,club_3_event_1,Participant
club_2,KC,club_2_event_2,Participant
club_3,Jaaequin Crist,club_3_event_3,Participant
club_1,matthias cordero,club_1_event_1,Participant
club_1,Lzine Brenan,club_1_event_2,Participant
club_3,Jocalynf Fitzsmons,club_3_event_1,Participant
club_3,Decrusk Albers,club_3_event_2,Participant
club_1,buRud Bredli,club_1_event_1,Participant
club_3,AylinjSeuls,club_3_event_1,Participant
club_3,Kenton T,club_3_event_1,Participant
club_3,GugilermoHeckni,club_3_event_2,Participant
club_2,Derius wMacyhad,club_2_event_3,Participant
club_1,KejyceCayrlin,club_1_event_2,Participant
club_3,JANINE MCCORMACK,club_3_event_1,Participant
club_2,Latrell Ea,club_2_event_2,Participant
club_2,Shea Je,club_2_event_2,Participant
club_1,Loqriu il,club_1_event_1,Participant
club_1,Netalygy Gavin,club_1_event_2,Participant
club_1,Lindereznan,club_1_event_1,Participant
club_3,DN,club_3_event_3,Participant
club_2,Dorizs redo,club_2_event_2,Participant
club_3,Alexeendia Galraith,club_3_event_1,Participant
club_2,AllqisseBiqdle,club_2_event_3,Participant
club_1,Nency Lamyb,club_1_event_1,Participant
club_3,ROWAN PAQUETTE,club_3_event_2,Participant
club_1,wilson slocum,club_1_event_2,Participant
club_2,Hermwe Turfi,club_2_event_2,Participant
club_3,KendrijckVeladz,club_3_event_1,Participant
club_2,Flrnedo Segovmia,club_2_event_2,Participant
club_2,Shena ancyh,club_2_event_1,Participant
club_2,Killien aytif,club_2_event_3,Participant
club_2,Amlia fFrost,club_2_event_2,Participant
club_2,Latrell Ea,club_2_event_1,Participant
club_3,Brittonde Gilspie,club_3_event_3,Participant
club_2,Daisha Yo,club_2_event_2,organiser_3
club_1,qMistyLevoie,club_1_event_1,Participant
club_2,KENDRICK VALADEZ,club_2_event_2,Participant
club_3,Alize Do,club_3_event_1,Participant
club_1,Siege Scrock,club_1_event_1,Participant
club_2,adan goetz,club_2_event_2,Participant
club_3,JANINE MCCORMACK,club_3_event_2,Participant
club_1,Kerltb Paris,club_1_event_3,Participant
club_1,Deerfo White,club_1_event_1,Participant
club_2,Ciera John A,club_2_event_1,Participant
club_3,brionna grimes,club_3_event_2,Participant
club_1,Jezmyon Syhid,club_1_event_2,Participant
club_2,Allen M,club_2_event_1,Participant
club_3,Cornelius Mejcias,club_3_event_3,Participant
club_1,obdynf Guzmen,club_1_event_1,Participant
club_2,E Alina,club_2_event_3,Participant
club_3,Keypna Grubs,club_3_event_1,Participant
club_1,Jrdo Teum,club_1_event_2,Participant
club_2,Abzril Cvperubias,club_2_event_3,Participant
club_2,Loi giol,club_2_event_3,Participant
club_2,Ray Mc,club_2_event_2,Participant
club_1,HEIDI WHITMORE,club_1_event_3,Participant
club_2,Leh Roct,club_2_event_1,Participant
club_1,Stephon Sm,club_1_event_2,Participant
club_3,Allsse Biadle,club_3_event_2,Participant
club_2,Ashtyn Bvnezmin,club_2_event_2,Participant
club_3,MC,club_3_event_1,Participant
club_3,Lori G,club_3_event_2,Participant
club_1,louis samuels,club_1_event_2,Participant
club_1,Keyce arlin,club_1_event_1,Participant
club_1,Chrsty Ellwiot,club_1_event_3,Participant
club_2,Nor Sydejr,club_2_event_2,Participant
club_1,Alearh Chishowlm,club_1_event_3,Participant
club_2,Theodore Sc,club_2_event_1,Participant
club_1,Devyn Ew,club_1_event_1,Participant
club_2,BABY HEATON,club_2_event_2,Participant
club_1,Jevioer Breux,club_1_event_2,Participant
club_2,Eqre ord,club_2_event_1,Participant
club_1,Blaine Mc,club_1_event_1,Participant
club_1,Awnnate Ahmt,club_1_event_3,Participant
club_3,Jacey D,club_3_event_1,Participant
club_1,Alina John E,club_1_event_1,Participant
club_2,Sthahpon Smot,club_2_event_1,Participant
club_2,EF,club_2_event_3,Participant
club_3,Mckazie Hitchqcoick,club_3_event_3,organiser_4
club_1,Joslyffn Berw,club_1_event_1,Participant
club_1,Reewa Dovr,club_1_event_1,Participant
club_2,kShee Jekirns,club_2_event_1,Participant
club_2,Alann McPhersn,club_2_event_2,Participant
club_3,Kethrine weonae,club_3_event_2,organiser_1
club_1,Abril Co,club_1_event_1,Participant
club_1,qLitzy Myar,club_1_event_2,Participant
club_3,Merganda Dunawi,club_3_event_2,Participant
club_1,Christiwon Cooa,club_1_event_1,Participant
club_2,Ameiya Slasno,club_2_event_3,Participant
club_3,Tei Kulci,club_3_event_2,Participant
club_2,raymundo benavides,club_2_event_1,Participant
club_2,FRANK HALSTEAD,club_2_event_3,Participant
club_3,Holeqnd F,club_3_event_2,Participant
club_3,ilplien Ralif,club_3_event_2,Participant
club_2,Thee kNyes,club_2_event_2,Participant
club_1,Ashtyn Be,club_1_event_3,Participant
club_2,Amalia John F,club_2_event_1,Participant
club_1,Keri Cetrir,club_1_event_2,Participant
club_1,LL,club_1_event_2,Participant
club_2,LM,club_2_event_2,Participant
club_2,Keri Ceiuer,club_2_event_2,Participant
club_3,EL,club_3_event_2,Participant
club_3,Haidi Whitmre,club_3_event_3,Participant
club_3,hamza caswell,club_3_event_2,Participant
club_1,Ketelyns Harlow,club_1_event_2,Participant
club_1,JF,club_1_event_2,Participant
club_2,kGredy qSampe,club_2_event_1,Participant
club_3,G Lori,club_3_event_3,Participant
club_1,Kelstd Whiteside,club_1_event_3,Participant
club_1,S Warren,club_1_event_3,Participant
club_1,Geret Cgockrel,club_1_event_1,Participant
club_3,santiago nadeau,club_3_event_1,Participant
club_1,AlanuMcuPhersn,club_1_event_2,Participant
club_2,Brannen Elrison,club_2_event_1,Participant
club_3,Mrrczelo Weber,club_3_event_2,Participant
club_1,Lori Gil,club_1_event_2,Participant
club_3,JG,club_3_event_2,Participant
club_1,nezlise Dwietz,club_1_event_1,Participant
club_3,SoegeSchrpock,club_3_event_3,Participant
club_2,Juqstyn oatz,club_2_event_1,Participant
club_1,jArjun Pyne,club_1_event_1,Participant
club_1,Javier Br,club_1_event_3,Participant
club_3,Allise Bidle,club_3_event_3,Participant
club_3,Kaycee Co,club_3_event_3,Participant
club_3,Quinton Ta,club_3_event_1,Participant
club_1,Gerre Cyockrel,club_1_event_2,Participant
club_2,hTysvhewn Esino,club_2_event_2,Participant
club_3,iera Jauregjy,club_3_event_3,Participant
club_1,Nancy L,club_1_event_2,Participant
club_3,Marco R,club_3_event_3,Participant
club_2,katelynn harlow,club_2_event_1,Participant
club_2,Jordi Ta,club_2_event_1,Participant
club_2,Yisroahl isk,club_2_event_2,Participant
club_3,Sena cairbanks,club_3_event_2,Participant
club_1,Jocwalyn Fitzsimons,club_1_event_3,Participant
club_2,gJrrett Mui,club_2_event_3,Participant
club_3,Ryia Gomenz,club_3_event_1,Participant
club_3,Rudy Br,club_3_event_2,Participant
club_2,Txesha Sali,club_2_event_1,Participant
club_1,Edan Rig,club_1_event_1,Participant
club_3,Kierfsti Miwerd,club_3_event_2,Participant
club_1,Jdidieh Clxarkson,club_1_event_2,Participant
club_3,Tatum He,club_3_event_1,Participant
club_2,Reeyn oStewardd,club_2_event_3,Participant
club_2,Clyde John L,club_2_event_2,Participant
club_1,Stapgho Smot,club_1_event_1,Participant
club_3,Deegseo Neuman,club_3_event_2,Participant
club_1,Lyndsay S,club_1_event_2,Participant
club_2,jeilyn Seward,club_2_event_1,Participant
club_2,Kceyeoa Grus,club_2_event_2,Participant
club_1,YISROEL SISK,club_1_event_2,Participant
club_3,Gredy oSamle,club_3_event_3,Participant
club_1,JeylanKrreger,club_1_event_1,Participant
club_2,Reegqan Hoiughto,club_2_event_2,Participant
club_3,adan goetz,club_3_event_2,Participant
club_3,Ashtyn Be,club_3_event_2,Participant
club_3,iverFelihqcieno,club_3_event_1,Participant
club_1,Igbeim Sun,club_1_event_3,Participant
club_3,Chelesgy Den,club_3_event_1,Participant
club_1,Reymundo Benbvides,club_1_event_2,Participant
club_1,Grejdy Sampqe,club_1_event_1,Participant
club_2,Dengeo hNfeuman,club_2_event_2,Participant
club_1,Daxter Dune,club_1_event_1,Participant
club_3,Amneliia Frot,club_3_event_1,Participant
club_2,sAbegail mMrx,club_2_event_1,Participant
club_2,Jecy Tapton,club_2_event_2,Participant
club_3,ALYSE BERTRAND,club_3_event_1,Participant
club_2,Axlizza Do,club_2_event_1,Participant
club_2,eTesha Smali,club_2_event_3,Participant
club_1,Alpison Mvi,club_1_event_2,Participant
club_1,ADELINE HENRY,club_1_event_1,Participant
club_2,Justyn Goatz,club_2_event_3,organiser_4
club_1,Everett John F,club_1_event_1,Participant
club_1,Jeylan Kriger,club_1_event_2,Participant
club_1,amaiya solano,club_1_event_3,Participant
club_1,Leah John R,club_1_event_2,Participant
club_2,Kanzeo Meier,club_2_event_3,Participant
club_1,Justnq Goatz,club_1_event_2,Participant
club_1,Johnson Sc,club_1_event_2,Participant
club_3,Saydnay ow,club_3_event_2,Participant
club_2,KrieraJaurgy,club_2_event_3,Participant
club_2,T Phoenix,club_2_event_2,Participant
club_2,Heidi W,club_2_event_2,Participant
club_2,Crystew Leavi,club_2_event_1,Participant
club_3,Joeqsuin Crist,club_3_event_1,Participant
club_2,L Lorena,club_2_event_1,Participant
club_2,brehidm Sun,club_2_event_3,Participant
club_2,Sserenity Cestlo,club_2_event_2,Participant
club_3,Rey Mcnm,club_3_event_1,Participant
club_2,CristonbelFalon,club_2_event_1,organiser_2
club_1,Clyyd Lindsi,club_1_event_2,Participant
club_2,iGeson Hexim,club_2_event_1,Participant
club_3,Galilea Vi,club_3_event_2,Participant
club_2,ciera almanza,club_2_event_3,Participant
club_1,Rwudy Brdli,club_1_event_3,Participant
club_2,Jeelifn Milin,club_2_event_2,Participant
club_2,kLouis Sexmels,club_2_event_1,Participant
club_1,Dierqa Dai,club_1_event_1,Participant
club_3,Delanie John G,club_3_event_2,Participant
club_3,Erett Flngod,club_3_event_2,Participant
club_3,Johnathon Le,club_3_event_2,Participant
club_3,Marcello W,club_3_event_1,Participant
club_1,Cody ceri,club_1_event_1,Participant
club_3,ronan baggett,club_3_event_2,Participant
club_3,JenikeRe,club_3_event_1,Participant
club_2,Arjukn Peyn,club_2_event_1,Participant
club_1,G Alexandria,club_1_event_1,Participant
club_1,rioneikGrimes,club_1_event_2,Participant
club_1,Alenah Cphnsholm,club_1_event_1,Participant
club_2,Janell H,club_2_event_3,Participant
club_3,EN,club_3_event_2,Participant
club_2,RYLIE GOMEZ,club_2_event_2,Participant
club_3,zTysvhewn Epio,club_3_event_1,Participant
club_2,aJein Miltiga,club_2_event_1,Participant
club_3,Nancy La,club_3_event_1,Participant
club_3,Dektota oyer,club_3_event_3,Participant
club_3,echeryp Schrakder,club_3_event_2,Participant
club_1,pSemejj Plumr,club_1_event_3,organiser_2
club_3,erenithy Cemstilo,club_3_event_1,Participant
club_2,Annte qjAhmed,club_2_event_2,Participant
club_3,AnelniseDietz,club_3_event_2,Participant
club_1,Aislay Clenton,club_1_event_2,Participant
club_2,AB,club_2_event_1,Participant
club_2,Justyr lGoatz,club_2_event_3,Participant
club_1,Guilermo Hpekni,club_1_event_2,Participant
club_3,H Mckenzie,club_3_event_2,Participant
club_1,LyjndseSchulezr,club_1_event_1,Participant
club_3,Milod Grnfield,club_3_event_2,Participant
club_2,G Milo,club_2_event_2,Participant
club_1,Gusutevo Ml,club_1_event_1,Participant
club_1,Dxtr Durne,club_1_event_2,Participant
club_1,Henry Johense,club_1_event_2,Participant
club_2,Hoaidi Whitozre,club_2_event_3,Participant
club_1,gelin Milign,club_1_event_2,Participant
club_2,Alexendrea Staxnes,club_2_event_2,Participant
club_2,Justp Goathz,club_2_event_1,organiser_4
club_1,irvin lira,club_1_event_1,Participant
club_2,Judith Ho,club_2_event_3,Participant
club_2,Brionna Gr,club_2_event_1,Participant
club_1,lexekndrea Starns,club_1_event_2,Participant
club_1,S Raelyn,club_1_event_1,Participant
club_1,Ayln Sjeepls,club_1_event_1,Participant
club_1,Aen Goedtz,club_1_event_1,Participant
club_1,Coemexn Peae,club_1_event_2,Participant
club_2,eden ring,club_2_event_1,Participant
club_2,IrelenndBenier,club_2_event_2,Participant
club_2,itzky Moyar,club_2_event_3,Participant
club_1,warren schofield,club_1_event_1,Participant
club_1,Santiago John N,club_1_event_2,Participant
club_3,Jenny Ba,club_3_event_2,Participant
club_1,xKanton Tejo,club_1_event_2,Participant
club_3,Reymundo kenavides,club_3_event_1,Participant
club_2,Alenah hmsholm,club_2_event_1,Participant
club_2,Qruinten Teylo,club_2_event_2,Participant
club_2,awis Bredlave,club_2_event_3,Participant
club_3,luciano sims,club_3_event_1,Participant
club_2,Jenny John B,club_2_event_3,Participant
club_1,SEAN GUTHRIE,club_1_event_1,Participant
club_3,Derus Abferhs,club_3_event_1,Participant
club_1,Deengelo Neumsn,club_1_event_2,Participant
club_3,Griselda John A,club_3_event_1,Participant
club_1,BrioneGrimyes,club_1_event_1,Participant
club_3,Giovanna John F,club_3_event_1,Participant
club_3,KATELYNN HARLOW,club_3_event_2,Participant
club_1,eAita Dod,club_1_event_2,Participant
club_1,HW,club_1_event_2,Participant
club_1,CHARISMA WILBUR,club_1_event_1,Participant
club_3,Kethinem Leone,club_3_event_1,organiser_1
club_3,Marco John R,club_3_event_2,Participant
club_1,emdej Plumer,club_1_event_1,organiser_2
club_2,Ali Vejneges,club_2_event_2,Participant
club_2,Deisha Yuvn,club_2_event_1,Participant
club_3,Robyd Guqmen,club_3_event_2,Participant
club_2,Jevievr Breau,club_2_event_1,Participant
club_3,Jeierw Brejux,club_3_event_3,Participant
club_3,HEIDI WHITMORE,club_3_event_1,Participant
club_2,JF,club_2_event_3,Participant
club_2,Jediieh yClarkson,club_2_event_1,Participant
club_3,C Gretchen,club_3_event_2,Participant
club_1,GiovenaFcugate,club_1_event_1,Participant
club_3,qilo Gxranfield,club_3_event_1,Participant
club_3,oAdalvine eni,club_3_event_2,Participant
club_2,Mercelo Wbeer,club_2_event_2,Participant
club_3,RAYMUNDO ZAPATA,club_3_event_1,Participant
club_3,Dnnise Mnor,club_3_event_1,Participant
club_1,Alin enegezs,club_1_event_1,Participant
club_2,Natalya John G,club_2_event_2,Participant
club_2,Mireye ofdfrei,club_2_event_2,Participant
club_3,GH,club_3_event_1,Participant
club_1,Gredy Satmepe,club_1_event_3,Participant
club_3,KE,club_3_event_1,Participant
club_2,ohnetan Mose,club_2_event_2,Participant
club_2,samira baer,club_2_event_2,Participant
club_1,Chrisison Coan,club_1_event_3,Participant
club_2,Dayna St,club_2_event_3,Participant
club_1,hamza caswell,club_1_event_1,Participant
club_1,eed cGuvli,club_1_event_1,Participant
club_3,SS,club_3_event_2,Participant
club_2,Sage Sc,club_2_event_2,Participant
club_3,Evererof Cronii,club_3_event_2,Participant
club_3,clyde bolin,club_3_event_2,Participant
club_3,Aya John K,club_3_event_1,Participant
club_3,Gert ioCockrel,club_3_event_2,Participant
club_2,LoeehRt,club_2_event_2,Participant
club_3,Kobe Besriento,club_3_event_2,Participant
club_3,ecse Franz,club_3_event_1,Participant
club_3,Jeier cBrewaux,club_3_event_2,Participant
club_2,HbolenFi,club_2_event_2,Participant
club_1,Dyna Sttlae,club_1_event_3,Participant
club_3,AlineErvik,club_3_event_3,Participant
club_3,Irvin John L,club_3_event_1,Participant
club_2,Herman Tu,club_2_event_1,Participant
club_2,mKerrla aris,club_2_event_2,Participant
club_1,Abdullah R,club_1_event_2,Participant
club_1,Daria D,club_1_event_2,Participant
club_1,KilliemnRatlif,club_1_event_1,Participant
club_2,Kaycee Ca,club_2_event_1,Participant
club_3,JozequinCrist,club_3_event_2,Participant
club_1,Ayln Seels,club_1_event_1,organiser_4
club_1,qKetelyfn Harw,club_1_event_1,Participant
club_2,Ambar Rudlph,club_2_event_1,Participant
club_2,CchelseybDeen,club_2_event_2,Participant
club_3,Ashtyn Be,club_3_event_1,Participant
club_2,AW,club_2_event_1,Participant
club_1,iee Alsmanza,club_1_event_1,Participant
club_1,Dakotah John B,club_1_event_1,Participant
club_2,Bredle kMazur,club_2_event_1,Participant
club_2,Kierstn Milcerbd,club_2_event_2,Participant
club_2,Thwaodore Scfmidt,club_2_event_2,Participant
club_3,Doris Pr,club_3_event_1,Participant
club_1,etriciva Gros,club_1_event_1,Participant
club_3,eyn Stenlbe,club_3_event_2,Participant
club_3,Cohnelius Mecias,club_3_event_1,Participant
club_3,litzy moyer,club_3_event_1,Participant
club_3,ogBriena mi,club_3_event_2,Participant
club_2,Asjhtyn Benjegmn,club_2_event_3,Participant
club_3,Yisrol uSisk,club_3_event_1,Participant
club_1,benel Hager,club_1_event_1,Participant
club_3,tyshawn espino,club_3_event_2,Participant
club_2,WS,club_2_event_2,Participant
club_2,GF,club_2_event_2,Participant
club_2,Warren John S,club_2_event_3,Participant
club_2,pNetalya arvin,club_2_event_3,Participant
club_2,C Kalee,club_2_event_1,Participant
club_2,Ibrahim Su,club_2_event_2,Participant
club_3,brionna grimes,club_3_event_3,organiser_2
club_2,eylan Kprieger,club_2_event_2,Participant
club_3,Alan McPgheson,club_3_event_1,Participant
club_2,Joselyn John B,club_2_event_2,Participant
club_3,Jhvon Kirk,club_3_event_2,Participant
club_3,Klfena Logan,club_3_event_1,organiser_3
club_3,Loene Lamiar,club_3_event_2,Participant
club_3,Sejana Cdornzwel,club_3_event_1,Participant
club_3,kristpien Jansen,club_3_event_2,Participant
club_3,entiagqoe Naeau,club_3_event_3,Participant
club_3,Jarrett John M,club_3_event_1,Participant
club_2,Justyn G,club_2_event_2,organiser_4
club_2,Cristopeol Falon,club_2_event_3,organiser_2
club_1,rSege Scrck,club_1_event_3,Participant
club_1,jenny barksdale,club_1_event_2,Participant
club_3,Reegn Houghton,club_3_event_1,Participant
club_3,DM,club_3_event_2,Participant
club_2,See Guthrbie,club_2_event_2,Participant
club_2,Joequmn Crist,club_2_event_1,Participant
club_1,eytMcnei,club_1_event_3,Participant
club_1,Jerrettb Mui,club_1_event_3,Participant
club_2,Ryla cGmetz,club_2_event_1,Participant
club_3,LR,club_3_event_2,Participant
club_3,Mckanzie Hichcocok,club_3_event_3,Participant
club_3,Abdullah Re,club_3_event_2,Participant
club_2,Irehwim Saun,club_2_event_1,Participant
club_1,Bradley Ma,club_1_event_1,Participant
club_2,Kea Grenfiejld,club_2_event_1,Participant
club_3,Chelsey John D,club_3_event_2,Participant
club_1,B Javier,club_1_event_1,Participant
club_1,kenton trejo,club_1_event_3,Participant
club_3,A Darrius,club_3_event_3,Participant
club_3,HENRY JOHANSEN,club_3_event_2,Participant
club_3,ouias Semuels,club_3_event_3,Participant
club_3,M Kierstin,club_3_event_3,Participant
club_2,qDeisa Yon,club_2_event_1,organiser_3
club_3,Keye Carnglin,club_3_event_1,Participant
club_1,Kellie Evere,club_1_event_1,Participant
club_1,Delnive Gilbefrtsn,club_1_event_2,Participant
club_1,Alse Bertzrend,club_1_event_3,Participant
club_1,ypdne Meelrs,club_1_event_1,Participant
club_2,kierstin romano,club_2_event_2,Participant
club_3,Killian R,club_3_event_3,Participant
club_2,Guillermo Ha,club_2_event_3,organiser_5
club_3,Wxre Schofield,club_3_event_2,Participant
club_2,Chrity Eliiot,club_2_event_2,Participant
club_1,njate Ahmed,club_1_event_3,organiser_1
club_3,Biensa Emi,club_3_event_1,Participant
club_1,Jacey Di,club_1_event_1,Participant
club_1,Aba sRudolph,club_1_event_1,Participant
club_3,brennen ellison,club_3_event_1,Participant
club_2,W Amina,club_2_event_3,Participant
club_3,Rey Mdcnei,club_3_event_2,Participant
club_2,K Kayleigh,club_2_event_1,Participant
club_1,Frank H,club_1_event_1,Participant
club_1,Lks cMcGge,club_1_event_3,Participant
club_1,Rylie G,club_1_event_3,Participant
club_2,jude golden,club_2_event_1,Participant
club_2,JC,club_2_event_3,Participant
club_2,G Cody,club_2_event_2,Participant
club_2,RonenynBaget,club_2_event_2,Participant
club_3,ouis fSemuels,club_3_event_1,Participant
club_3,Mongseret oamax,club_3_event_2,Participant
club_1,Sanjana John C,club_1_event_1,Participant
club_3,BRIONNA GRIMES,club_3_event_2,organiser_2
club_3,Jcalydn Fitzsimon,club_3_event_3,Participant
club_1,Ntralya Garvin,club_1_event_1,Participant
club_2,Remundxo Zapata,club_2_event_3,Participant
club_1,J Shea,club_1_event_3,Participant
club_1,LaxisWitlhi,club_1_event_2,Participant
club_3,Gpre Sample,club_3_event_1,Participant
club_3,Deengelo Nepummn,club_3_event_1,Participant
club_1,Lindep Brena,club_1_event_3,Participant
club_2,Santiago Na,club_2_event_1,Participant
club_1,Alexendimz Galbraith,club_1_event_2,Participant
club_1,Sege Schxro,club_1_event_2,Participant
club_2,Chelse Deen,club_2_event_3,Participant
club_1,Cirre Aldmanza,club_1_event_2,Participant
club_3,Jmes Pavtrck,club_3_event_1,Participant
club_1,Bleieneh Mckenzi,club_1_event_2,Participant
club_3,Pgoanix Th,club_3_event_1,Participant
club_1,Theodore Sc,club_1_event_2,Participant
club_1,Gabriel H,club_1_event_2,Participant
club_2,CristyobelFalun,club_2_event_2,organiser_2
club_1,CeristionnCohan,club_1_event_2,Participant
club_1,Quintn rxTeylor,club_1_event_1,Participant
club_3,Kobe Berintos,club_3_event_1,Participant
club_2,Etdn Rig,club_2_event_3,Participant
club_1,Lacis uWhitli,club_1_event_1,Participant
club_3,Kanze Meivaer,club_3_event_2,Participant
club_1,KelsieSetgre,club_1_event_1,Participant
club_3,Chanel P,club_3_event_2,Participant
club_2,Corelius Mecits,club_2_event_1,Participant
club_3,AM,club_3_event_3,Participant
club_1,Amaiya So,club_1_event_2,Participant
club_1,kiara jauregui,club_1_event_2,Participant
club_2,GARRET COCKRELL,club_2_event_1,Participant
club_2,Keyri Cerier,club_2_event_1,Participant
club_3,Klob Berienteos,club_3_event_3,Participant
club_3,Hremen Trli,club_3_event_1,Participant
club_1,KRISTIAN JANSEN,club_1_event_2,Participant
club_1,Melpor Saenz,club_1_event_2,Participant
club_3,Shea J,club_3_event_2,Participant
club_3,hselsey Deen,club_3_event_3,Participant
club_2,Roena qMcqair,club_2_event_2,Participant
club_1,Semirsa Baer,club_1_event_3,Participant
club_2,Clhenel uPickt,club_2_event_2,Participant
club_2,wGuilermo Hecni,club_2_event_1,Participant
club_3,Semekj bPlmer,club_3_event_2,Participant
club_1,Evelin dredl,club_1_event_2,Participant
club_1,Joselyn Ba,club_1_event_3,Participant
club_3,Abril John C,club_3_event_2,Participant
club_2,Dekotah Boyeqt,club_2_event_1,Participant
club_1,jenny barksdale,club_1_event_1,Participant
club_3,ukes McGde,club_3_event_1,Participant
club_3,JANELL HAGER,club_3_event_2,Participant
club_3,amina ware,club_3_event_2,Participant
club_3,Theodore Sc,club_3_event_3,Participant
club_3,L Kalen,club_3_event_3,organiser_3
club_3,Gdelilea Vlasenor,club_3_event_1,Participant
club_3,Jedidiah John C,club_3_event_2,Participant
club_3,Stephon Bu,club_3_event_2,Participant
club_2,RioynDibcki,club_2_event_1,Participant
club_3,MCKENZIE HITCHCOCK,club_3_event_2,organiser_4
club_3,Alannah Ch,club_3_event_2,Participant
club_2,Rudy Br,club_2_event_2,Participant
club_2,doris prado,club_2_event_1,Participant
club_2,Refyundo Zapata,club_2_event_2,Participant
club_3,Alina John E,club_3_event_2,Participant
club_3,Chastity H,club_3_event_2,Participant
club_2,Kellievezret,club_2_event_2,Participant
club_2,Dderid Whte,club_2_event_1,Participant
club_3,CherismdWidlbur,club_3_event_2,Participant
club_1,P Semaj,club_1_event_1,Participant
club_1,Jenenl Haegr,club_1_event_2,Participant
club_3,equellin cDuran,club_3_event_2,Participant
club_3,Mckenzie John H,club_3_event_1,organiser_4
club_2,Hxemza Caswel,club_2_event_2,Participant
club_2,Jrnel yHage,club_2_event_1,Participant
club_2,Gabriel Hi,club_2_event_1,Participant
club_3,Ivin Lirte,club_3_event_2,Participant
club_2,Jese Fdanz,club_2_event_2,Participant
club_3,ES,club_3_event_2,Participant
club_1,Keles Gormn,club_1_event_1,Participant
club_3,LINDA BRENNAN,club_3_event_1,Participant
club_1,alycia woodard,club_1_event_2,Participant
club_2,Alexandria John G,club_2_event_1,Participant
club_3,Killien Ratlif,club_3_event_1,Participant
club_1,Amdbber Cose,club_1_event_2,Participant
club_1,BRADLEY MAZUR,club_1_event_2,Participant
club_2,Serenity Cesnil,club_2_event_1,Participant
club_1,ALLISSA BIDDLE,club_1_event_2,Participant
club_1,Sydney R,club_1_event_1,Participant
club_3,Cyida Lindosi,club_3_event_1,Participant
club_3,Everett Fl,club_3_event_3,Participant
club_1,leRbyn Dicki,club_1_event_2,Participant
club_2,Crwstbel Falon,club_2_event_2,Participant
club_1,Sntiago bNadeau,club_1_event_3,Participant
club_3,Tuara Voxlk,club_3_event_1,Participant
club_2,Jeny Berksqda,club_2_event_1,Participant
club_3,Tate John B,club_3_event_2,Participant
club_3,Cemily cSeward,club_3_event_2,Participant
club_2,Mnnet elace,club_2_event_1,Participant
club_1,F Sana,club_1_event_1,Participant
club_2,Raeymundo Benavies,club_2_event_2,Participant
club_3,cody garay,club_3_event_1,Participant
club_2,Deenlgelo Neupa,club_2_event_1,Participant
club_3,yev Keneyi,club_3_event_2,Participant
club_2,Kiestmin Romno,club_2_event_3,Participant
club_1,Briena Embi,club_1_event_1,Participant
club_2,Jqeyla Krielge,club_2_event_1,Participant
club_2,dey tMcnei,club_2_event_3,Participant
club_3,Alyse B,club_3_event_3,Participant
club_1,Dekotawh Boyr,club_1_event_2,Participant
club_1,Mergco Rand,club_1_event_2,Participant
club_2,alycia woodard,club_2_event_1,Participant
club_1,Evarevrtt Flo,club_1_event_3,Participant
club_2,H Baby,club_2_event_1,Participant
club_1,Ednan Rino,club_1_event_2,Participant
club_1,Craystel Leavi,club_1_event_2,Participant
club_2,Santiago Na,club_2_event_2,Participant
club_2,Josaf Fni,club_2_event_1,Participant
club_2,Ltzoy oyar,club_2_event_1,Participant
club_1,DeriusMaachdo,club_1_event_2,Participant
club_3,Kelsie Seghue,club_3_event_2,Participant
club_2,Gustev Mucvl,club_2_event_3,Participant
club_2,Liori il,club_2_event_1,Participant
club_3,T Jacy,club_3_event_2,Participant
club_1,JekonqVandyke,club_1_event_2,Participant
club_1,DerrionBasios,club_1_event_1,Participant
club_2,Luciano Si,club_2_event_1,Participant
club_1,tasha smalley,club_1_event_2,Participant
club_1,Jzoquin Crisit,club_1_event_3,Participant
club_3,Gsiselde Acuna,club_3_event_2,Participant
club_3,Lawis Brdjlov,club_3_event_2,Participant
club_3,Jarrett Mu,club_3_event_2,Participant
club_3,Shena Branch,club_3_event_1,Participant
club_1,Killin Ratlisf,club_1_event_2,Participant
club_1,helseyp Den,club_1_event_3,Participant
club_3,Krbi Cerier,club_3_event_3,Participant
club_1,xAlin Ervin,club_1_event_2,Participant
club_3,alexandrea starnes,club_3_event_1,Participant
club_2,veluin Breli,club_2_event_2,organiser_1
club_3,Gusitev ul,club_3_event_1,Participant
club_1,Phxanix Thy,club_1_event_2,Participant
club_2,kJocalyn Fitsimos,club_2_event_2,Participant
club_2,AB,club_2_event_2,Participant
club_3,SM,club_3_event_2,organiser_5
club_3,Kalen L,club_3_event_2,organiser_3
club_3,Kthrine Leeone,club_3_event_3,organiser_1
club_1,IbrehimuSku,club_1_event_2,Participant
club_1,Mildlo Ganfield,club_1_event_2,Participant
club_1,Dehba Yon,club_1_event_2,Participant
